alias elle-navarro Elle Navarro <elnavarro@teslamotors.com>
alias kate-randall Kate Randall <krandall@teslamotors.com>
alias martin-menzel Martin Menzel <MMenzel@teslamotors.com>
alias front-notifications Front Notifications <hello@frontapp.com>
alias florian-rohde Florian Rohde <frohde@teslamotors.com>
alias robert-rose Robert Rose <rrose@teslamotors.com>
alias bryan-chu Bryan Chu <BChu@teslamotors.com>
alias raj-sahae Raj Sahae <rsahae@teslamotors.com>
alias SalesOperationsNewsletter <SalesOperationsNewsl@teslamotors.com>
alias david-lau David Lau <dlau@teslamotors.com>
alias michael-goertz Michael Goertz <mgoertz@teslamotors.com>
alias elon-musk Elon Musk <erm@teslamotors.com>
alias marshall-guerra Marshall Guerra <maguerra@teslamotors.com>
alias pat-jimenez Pat Jimenez <pjimenez@teslamotors.com>
alias vichai-lelapinyokul Vichai Lelapinyokul <vlelapinyokul@teslamotors.com>
alias greg-reichow Greg Reichow <greichow@teslamotors.com>
alias richard-luan Richard Luan <chluan@teslamotors.com>
alias luke-mcclure Luke McClure <lmcclure@teslamotors.com>
alias huw-williams Huw Williams <huw@teslamotors.com>
alias paul-wiemann Paul Wiemann <pwiemann@teslamotors.com>
alias chandler-miguelgorry Chandler Miguelgorry <cmiguelgorry@teslamotors.com>
alias Helpdesk <Helpdesk@teslamotors.com>
alias sameer-qureshi Sameer Qureshi <saqureshi@teslamotors.com>
alias help-desk Help Desk <helpdesk@teslamotors.com>
alias christophe-soudier Christophe Soudier <csoudier@teslamotors.com>
alias eric-voetberg Eric Voetberg <evoetberg@teslamotors.com>
alias evan-small Evan Small <evan@teslamotors.com>
alias panacea-fang Panacea Fang <qfang@teslamotors.com>
alias thomas-dmytryk Thomas Dmytryk <tdmytryk@teslamotors.com>
alias raj-sahae Raj Sahae <rajsahae@gmail.com>
alias eating-seasons Eating with the Seasons <lauraherbert@eatwiththeseasons.com>
alias jerome-latchana Jerome Latchana <jlatchana@teslamotors.com>
alias violet-orion Violet Orion <Violet.Orion@acpprogram.com>
alias paz-dizon Paz Dizon <pdizon@teslamotors.com>
alias rohan-paranjpe Rohan Paranjpe <rparanjpe@teslamotors.com>
alias eric-larkin Eric Larkin <elarkin@teslamotors.com>
alias aurelio-rosa Aurelio Rosa <ARosa@teslamotors.com>
alias glenn-elliott Glenn Elliott <glelliott@teslamotors.com>
alias alex-haag Alex Haag <ahaag@teslamotors.com>
alias yair-zadik Yair Zadik <yzadik@teslamotors.com>
alias andreas-koehler Andreas Koehler <akoehler@teslamotors.com>
alias jenny-kim Jenny Kim <jdkim@teslamotors.com>
alias miriam-vu Miriam Vu <MVu@teslamotors.com>
alias bill-johnson Bill Johnson <bill@angelinstitute.co>
alias rahil-mehta Rahil Mehta <ramehta@teslamotors.com>
alias jeffrey-hart Jeffrey Hart <jehart@teslamotors.com>
alias thien-vo Thien Vo <thivo@teslamotors.com>
alias ted-zhang Ted Zhang <TZhang@teslamotors.com>
alias christelle-lorenzana Christelle Lorenzana <clorenzana@teslamotors.com>
alias parag-kalra Parag Kalra <pkalra@teslamotors.com>
alias michelle-dang Michelle Dang <midang@teslamotors.com>
alias henry-dooley Henry Dooley <hdooley@teslamotors.com>
alias sheena-kapur Sheena Kapur <skapur@teslamotors.com>
alias dennis-tsui Dennis Tsui <dtsui@teslamotors.com>
alias patrick-drinkwine Patrick Drinkwine <pdrinkwine@teslamotors.com>
alias david-jiang David Jiang <djiang@teslamotors.com>
alias kamlesh-rao Kamlesh Rao <krao@teslamotors.com>
alias hemant-sikaria Hemant Sikaria <hsikaria@teslamotors.com>
alias TeslaBeta <TeslaBeta@teslamotors.com>
alias michael-rizkalla Michael Rizkalla <mrizkalla@teslamotors.com>
alias danny-hajicek Danny Hajicek <dhajicek@teslamotors.com>
alias christina-yu Christina Yu <cyu@teslamotors.com>
alias jing-lin Jing Lin <jing@teslamotors.com>
alias admir-karahodzic Admir Karahodzic <akarahodzic@teslamotors.com>
alias oscar-lustig Oscar Lustig <olustig@teslamotors.com>
alias juan-soulier Juan Pablo Soulier <jsoulier@teslamotors.com>
alias brenton-murray Brenton Murray <bmurray@teslamotors.com>
alias jerome-tasse Jerome Tasse <jtasse@teslamotors.com>
alias jason-smith Jason D Smith <jasosmith@teslamotors.com>
alias conor-lansford Conor Lansford <clansford@teslamotors.com>
alias simon-marshall Simon Marshall <SMarshall@teslamotors.com>
alias cj-moore CJ Moore <cmoore@teslamotors.com>
alias patrick-glaser Patrick Glaser <pglaser@teslamotors.com>
alias rory-mcguire Rory McGuire <rmcguire@teslamotors.com>
alias carlos-serrano Carlos Serrano <cserrano@teslamotors.com>
alias mark-lipscomb Mark Lipscomb <mlipscomb@teslamotors.com>
alias fabian-holst Fabian Holst <fholst@teslamotors.com>
alias gerald-huff Gerald Huff <ghuff@teslamotors.com>
alias robert-bressi Robert Bressi <rbressi@teslamotors.com>
alias ben-schoeggl Ben Schoeggl <bschoeggl@teslamotors.com>
alias samuel-brown Samuel Brown <sbrown@teslamotors.com>
alias kurt-thywissen Kurt Thywissen <kthywissen@teslamotors.com>
alias mohit-taneja Mohit Taneja <mtaneja@teslamotors.com>
alias raj-viswanathan Raj Viswanathan <rviswanathan@teslamotors.com>
alias anthony-maes Anthony Maes <amaes@teslamotors.com>
alias nalinichandra-penke Nalinichandra Penke <npenke@teslamotors.com>
alias ralph-thomas Ralph Thomas <Ralph.Thomas@teslamotors.com>
alias jason-rinn Jason Rinn <JRinn@teslamotors.com>
alias rob-duncan Rob Duncan <rduncan@teslamotors.com>
alias bill-chen Bill Chen <billchen@teslamotors.com>
alias david-wuertele David Wuertele <DWuertele@teslamotors.com>
alias dave-johnson Dave Johnson <dave@johnsonjobs.com>
alias dana-sahae Dana Yates Sahae <dana611@gmail.com>
alias graham-gold Graham Gold <ggold@teslamotors.com>
alias allan-hsu Allan Hsu <AHsu@teslamotors.com>
alias martin-porcelli Martin Porcelli <porcelli@gmail.com>
alias hazel-shah Hazel Shah <HShah@teslamotors.com>
alias Buckley.Jared <buckley.jared@gmail.com>
alias jake-schlachter Jake Schlachter <jake.schlachter@gmail.com>
alias stan-mihelcic Stan Mihelcic <smihelcic@teslamotors.com>
alias akshay-phatak Akshay Vijay Phatak <aphatak@teslamotors.com>
alias jerry-davis Jerry Davis <jdawgaz@gmail.com>
alias jay-jacinto Jay Jacinto <jjacinto@teslamotors.com>
alias richard-（栾超） Richard Luan （栾超） <chluan@teslamotors.com>
alias josh-ensign Josh Ensign <jensign@teslamotors.com>
alias maya-ziv Maya Ziv <maya.ziv.ucla@gmail.com>
alias kyle-mcbard Kyle McBard <kmcbard@gmail.com>
alias katie-noble Katie Noble <knoble@teslamotors.com>
alias chris-payne Chris Payne <CPayne@teslamotors.com>
alias randy-sahae Randy Sahae <randy.sahae@gmail.com>
alias curt-odonnell Curt ODonnell <codonnell@teslamotors.com>
alias Dropbox <no-reply@dropboxmail.com>
alias debbie-mateo Debbie Mateo <dmateo30@yahoo.com>
alias WebProNews <newsletter@ientry.info>
alias heidi-balch Heidi Balch <hbalch@teslamotors.com>
alias google-calendar Google Calendar <calendar-notification@google.com>
alias gerald-bauer Gerald Bauer <gerald.bauer@gmail.com>
alias dell-kace Dell KACE <KACE@Dell.com>
alias auto-confirm@amazon.com <auto-confirm@amazon.com>
alias karl-ostmo Karl Ostmo <kostmo@teslamotors.com>
alias alex-wilke Alex Wilke <awilke@teslamotors.com>
alias robert-freiberger Robert Freiberger <rfreiberger@gmail.com>
alias nextdoor-central Nextdoor North Central <nextdoor@nextdoor.com>
alias rishi-huck-drop Rishi Narain via Huck-Drop <huck-drop@googlegroups.com>
alias lance-figueroa Lance Figueroa <LFigueroa@teslamotors.com>
alias phuong-phan Phuong Phan <p.h.phan2006@gmail.com>
alias zarna-mehta Zarna Mehta <zmehta@teslamotors.com>
alias michael-fairman Michael Fairman <mfairman@teslamotors.com>
alias nextdoor-central Nextdoor North Central <reply@rs.email.nextdoor.com>
alias leonardo-mendizábal Leonardo Mendizábal <l.mendizabal.cds@gmail.com>
alias amadeus-folego Amadeus Folego <amadeusfolego@gmail.com>
alias tushar-rawat Tushar Rawat <trawat@teslamotors.com>
alias daniel-llinas Daniel Llinas <danllinas@gmail.com>
alias Leonardo <lenieco@gmail.com>
alias harris-yong Harris Yong <hyong@teslamotors.com>
alias jon-dusaint Jon duSaint <jdusaint@teslamotors.com>
alias jacob-warman Jacob Warman <JWarman@teslamotors.com>
alias allen-chiang Allen Chiang <achiang@teslamotors.com>
alias thomas-enebo Thomas E Enebo <tom.enebo@gmail.com>
alias uwe-kubosch Uwe Kubosch <uwe@kubosch.no>
alias jennifer-richards Jennifer Richards <jrichards@altiscale.com>
alias jacquelyn-sutton Jacquelyn Sutton <jacquelyn.sutton@prudential.com>
alias wells-hsa Wells Fargo HSA <ofsrep.hbs_24h3@wellsfargo.com>
alias jennifer-gross Jennifer Gross <jenngross7@gmail.com>
alias karen-inouye Karen Lee Inouye <hikarenlee@gmail.com>
alias aleksei-potov Aleksei Potov <apotov@teslamotors.com>
alias refer-rockstar Refer a Rockstar <referrals@teslamotors.com>
alias angela-li Angela Li <ali@support.ucla.edu>
alias Chase <no-reply@alertsp.chase.com>
alias the-team The Truelancer Support Team <notification@truelancer.in>
alias dream-cheeky Dream Cheeky <customerservice@dreamcheeky.com>
alias stephanie-landau Stephanie Landau <stephanie@expanxion.com>
alias ruoyan-gu Ruoyan Gu <rgu@teslamotors.com>
alias service@paypal.com <service@paypal.com>
alias e*trade-llc E*TRADE SECURITIES LLC <etrade_stmt_mbox@statement.etradefinancial.com>
alias sascha-manns Sascha Manns <Sascha.Manns@directbox.com>
alias samrat-vuppalanchi Samrat Vuppalanchi <svuppalanchi@teslamotors.com>
alias infotainmentsw&qa Infotainment SW&QA <InfotainmentSW&QA@teslamotors.com>
alias infotainmentsw Infotainment SW <InfotainmentSW@teslamotors.com>
alias infotainmentqa Infotainment QA <InfotainmentQA@teslamotors.com>
alias eating-seasons Eating with the Seasons <farmigo.eatwiththeseasons@farmigo-csa-hr.appspotmail.com>
alias john-gunnison John Gunnison <jgunnison@teslamotors.com>
alias bill-lewis Bill Lewis <billflewis@gmail.com>
alias elizabeth-smiley Elizabeth Smiley <smileyspeople@sbcglobal.net>
alias beth-smiley Beth Smiley <smileyspeople@sbcglobal.net>
alias james-smiley James Smiley <smileyspeople@sbcglobal.net>
alias joe-acar Joe Acar <jacar@teslamotors.com>
alias brad-hayes Brad Hayes <bhayes@teslamotors.com>
alias weilong-zhang Weilong Zhang <wzhang@teslamotors.com>
alias erin-temel Erin Temel <erintemel@gmail.com>
alias diane-ko Diane Ko <kodiane@gmail.com>
alias craig-jones Craig Jones <canuckhandler@gmail.com>
alias eric-wong Eric Wong <normalperson@yhbt.net>
alias dongning-（李东宁） Dongning Li （李东宁） <doli@teslamotors.com>
alias steve-macquiddy Steve MacQuiddy <stevemac@teslamotors.com>
alias jacob-oberlin Jacob Oberlin <JOberlin@teslamotors.com>
alias jacob-oberlin Jacob Oberlin <JOberlin@teslamotors.com>
alias <carlogs_mia_mcu@gauss.teslamotors.com> <carlogs_mia_mcu@gauss.teslamotors.com>
alias mr.-woooo Mr. Woooo <mrwoooo@gmail.com>
alias paul-trotter Paul Trotter <trotterpm@gmail.com>
alias chandra-sanjay Chandra Sanjay <Sanjay.Chandra@abc.com>
alias randy-sahae Randy Sahae <rfsahae@aol.com>
alias angies-list Angies List <angieslist@members.angieslist.com>
alias cateckdirect-marketplace CateckDirect - Amazon Marketplace <zx8rhsyjl1g3j4z@marketplace.amazon.com>
alias truelancer-team Truelancer Team <update@truelancer.in>
alias yahoo-sports Yahoo Sports <sports-fantasy-replies@sports.yahoo.com>
alias josh-brinkenhoff Josh Brinkenhoff <jbrinkenhoff@gmail.com>
alias sharon-bagley sharon bagley <bagley_sharon@yahoo.com>
alias inrix-support INRIX Support <support@inrix.com>
alias Production <Production@teslamotors.com>
alias christopher-vega Christopher Vega <chris24g76@gmail.com>
alias customerservice@wavebroadband.com <customerservice@wavebroadband.com>
alias robert-srinivasiah Robert Srinivasiah <robbies@gmail.com>
alias katelin-williams Katelin Williams <katelin.williams@gmail.com>
alias nextdoor-central Nextdoor North Central <reply@hs.email.nextdoor.com>
alias craigslist-reply craigslist - automated message do not reply <robot@craigslist.org>
alias peter-hickman Peter Hickman <peterhickman386@googlemail.com>
alias Quintus <quintus@quintilianus.eu>
alias eric-veith Eric MSP Veith <eveith@wwweb-library.net>
alias annie-xu Annie xu <member@linkedin.com>
alias козаченко-николаевич Козаченко Александр Николаевич <alex_5454@list.ru>
alias glassdoor-news Glassdoor News <info@email.glassdoor.com>
alias e*trade-llc E*TRADE SECURITIES LLC <etrade_conf_mbox@statement.etradefinancial.com>
alias clarissa-yaw Clarissa Yaw <cyaw@teslamotors.com>
alias craig-north Craig North <CNorth@teslamotors.com>
alias daniel-berger Daniel Berger <djberg96@gmail.com>
alias matt-kauffman Matt Kauffman <mattkauffman@rocketmail.com>
alias abinoam-jr. Abinoam Jr. <abinoam@gmail.com>
alias jon-chang Jon Chang <jchang1985@gmail.com>
alias ron-kandah Ron Kandah <f635599a8cfd3cba84f9520def12e3a4@reply.craigslist.org>
alias eric-bendler Eric Bendler <ebendler@teslamotors.com>
alias anand-swaminathan Anand Swaminathan <aswaminathan@teslamotors.com>
alias jeff-hu Jeff Hu <jeff@huville.com>
alias popular-network Popular in your network <info@twitter.com>
alias Work <jwolverton17@gmail.com>
alias Sparky <sparky3670@comcast.net>
alias carson-hoffacker Carson Hoffacker <choffacker@gmail.com>
alias brandon-jacklyn Brandon Jacklyn <bjacklyn@teslamotors.com>
alias nick-monetta Nick Monetta <NickM@inrix.com>
alias anna-felix Anna Felix <afelix@teslamotors.com>
alias CodeProject <mailout@maillist.codeproject.com>
alias Rachel <info@mailva.evite.com>
alias evan-cook Evan Cook <ECook@teslamotors.com>
alias GroupMe <support@groupme.com>
alias ryan-davis Ryan Davis <ryand-ruby@zenspider.com>
alias tracy-rogers Tracy Rogers <Tracy.Rogers@inrix.com>
alias savayia-singh Savayia Singh <SaSingh@teslamotors.com>
alias łukasz-niemier Łukasz Niemier <lukasz@niemier.pl>
alias greg-navis Greg Navis <contact@gregnavis.com>
alias Amazon.com <ship-confirm@amazon.com>
alias capital-360 Capital One 360 <saver@email.capitalone360.com>
alias markus-koch Markus Koch <mkoch@teslamotors.com>
alias florian-weidl Florian Weidl <fweidl@teslamotors.com>
alias amrit-puri Amrit Puri <apuri@teslamotors.com>
alias dave-marshall Dave Marshall <sidearmdeep@gmail.com>
alias xavier-noria Xavier Noria <fxn@hashref.com>
alias arun-sharma Arun kant sharma <iarunkant@gmail.com>
alias rachel-huck-drop Rachel Horn via Huck-Drop <huck-drop@googlegroups.com>
alias frank-franco Frank Franco <ffranco@teslamotors.com>
alias younes-jallouli Younes Jallouli <yjallouli@teslamotors.com>
alias Gratuitous <weege2@gmail.com>
alias J22s <7e7b71b9be333ca6b5d732b658c34afe@reply.craigslist.org>
alias maryah-tucker Maryah Tucker <maryahltucker@yahoo.com>
alias dhirendra-sahae Dhirendra Sahae <dsahae@yahoo.com>
alias HERE <do.not.reply@here.com>
alias todd-maron Todd Maron <TMaron@teslamotors.com>
alias NBarnes <nbarnes@gmail.com>
alias darren-cauthon Darren Cauthon <darren@cauthon.com>
alias brandon-weaver Brandon Weaver <keystonelemur@gmail.com>
alias yourcouponista-coupon YourCouponista Coupon <paper@mycouponcartdiurnal.com>
alias jim-freeze Jim Freeze <jimfreeze@gmail.com>
alias scott-pastorino Scott Pastorino <pastorino@yahoo.com>
alias austin-ziegler Austin Ziegler <halostatue@gmail.com>
alias aiste-guden Aiste Guden <aguden@teslamotors.com>
alias robert-herb Robert Herb <RHerb@teslamotors.com>
alias eat-club EAT Club <support@myeatclub.com>
alias kelly-jiang Kelly Jiang <kelb750@kellyit.com>
alias marina-barcelona Marina Barcelona <senoritabarcelona@gmail.com>
alias armen-nazarian Armen Nazarian <ANazarian@teslamotors.com>
alias scott-pastorino scott pastorino <pastorino@yahoo.com>
alias robert-klemme Robert Klemme <shortcutter@googlemail.com>
alias shama-cameron shama cameron <shamacameron035@gmail.com>
alias genevieve-breed Genevieve Breed <genevieve.breed@gmail.com>
alias familysafety-aiert..kidsiivesafe.. Familysafety aIert..KidsIivesafe.. <newsletter@35649.cayllgroups.me>
alias michael-collenberg Michael Collenberg <mcollenberg@teslamotors.com>
alias siva-nattamai Siva Nattamai <snattamai@teslamotors.com>
alias alban-douillet Alban Douillet <alban.douillet@gmail.com>
alias grace-soh Grace Soh <grace.soh@gmail.com>
alias matthew-brazeau Matthew Brazeau <mbrazeau@teslamotors.com>
alias ryan-struse Ryan Struse <rstruse@teslamotors.com>
alias oleg-panichev Oleg Panichev <opanichev@teslamotors.com>
alias HelpDesk <helpdesk@teslamotors.com>
alias sivaprakash-murugesan Sivaprakash Murugesan <smurugesan@teslamotors.com>
alias georg-ell Georg Ell <gell@teslamotors.com>
alias anastasia-gamick Anastasia Gamick <anzibanonzi@gmail.com>
alias choon-lim Choon Lim <ilim@teslamotors.com>
alias jonathan-pyke Jonathan Pyke <jpyke@teslamotors.com>
alias laurie-feyedelem Laurie Feyedelem <sadeirah@gmail.com>
alias bryan-williams Bryan Williams <brynatwil@gmail.com>
alias kasra-menhaji Kasra Menhaji <kmenhaji@teslamotors.com>
alias mike-kokuba Mike Kokuba <mkokuba@teslamotors.com>
alias jordan-moncharmont Jordan Moncharmont <jordan@moncharmont.com>
alias bob-madden Bob Madden <robedmad@gmail.com>
alias hal-fulton Hal Fulton <rubyhacker@gmail.com>
alias michael-ashworth Michael Ashworth <michael@thisislda.com>
alias leam-hall leam hall <leamhall@gmail.com>
alias scott-pastorino Scott Pastorino <info@mailva.evite.com>
alias perosnaifinance-!! PerosnaIFinance Dept !! <support@825.biggzaginterior.net>
alias paul-piong Paul Piong <ppiong@teslamotors.com>
alias silvio-brugada Silvio Brugada <SBrugada@teslamotors.com>
alias jesse-willis Jesse Willis <coloradopioneer@gmail.com>
alias ismail-arılık İsmail Arılık <arilik.ismail@gmail.com>
alias ruslan-afanasiev Ruslan Afanasiev <ruslan.afanasiev@gmail.com>
alias will-atkinson Will Atkinson <willatkinson@gmail.com>
alias sylvain-joyeux Sylvain Joyeux <sylvain.joyeux@polytechnique.org>
alias joe-gain Joe Gain <joe.gain@gmail.com>
alias david-springer David Springer <dnspringer@gmail.com>
alias kevin-rollins Kevin Rollins <kevin.d.rollins@gmail.com>
alias heather-vega Heather Vega <vegaheatherm@gmail.com>
alias doug-field Doug Field <DField@teslamotors.com>
alias veer-nairyani Veer Nairyani <VNairyani@teslamotors.com>
alias chris-satkoski Chris Satkoski <csatkoski@teslamotors.com>
alias david-ebidia David Ebidia <debidia@teslamotors.com>
